<?xml version="1.0" encoding="ISO-8859-1" standalone="no" ?>
<desistencia> <!-- <desistencia> <cancelamento> , <autoriza_cancelamento> ou <autoriza_desistencia> -->
    <comarca>
        <CodMun>3550308</CodMun>
        <cartorio>
            <numero_cartorio>01</numero_cartorio>
            <titulo>
                <numero_protocolo>1234</numero_protocolo>
                <data_protocolo>13082012</data_protocolo>
                <numero_titulo>00345467</numero_titulo>
                <nome_devedor>JOSE SILVA </nome_devedor>
                <valor_titulo>268.82</valor_titulo>
            </titulo>

            <titulo>
                <numero_protocolo>9999</numero_protocolo>
                <data_protocolo>02082012</data_protocolo>
                <numero_titulo>06879999</numero_titulo>
                <nome_devedor>MARIA SILVA</nome_devedor>
                <valor_titulo>1342.65</valor_titulo>
                <imagem>YBIFAEZ0BQAcA=</imagem>
            </titulo>
        </cartorio>
    </comarca>
</desistencia>
