<?xml version="1.0" encoding="ISO-8859-1" standalone="no" ?>
<comarcas>
    <comarca>
        <codigo_comarca>3505708</codigo_comarca>
        <municipio codigo_municipio="3505708" nome="BARUERI" />
    </comarca>
    <comarca>
        <codigo_comarca>3539806</codigo_comarca>
        <municipio codigo_municipio="3515707" nome="FERRAZ DE VASCONCELOS" />
        <municipio codigo_municipio="3539806" nome="POA" />
    </comarca>
    <comarca>
        <codigo_comarca>3550308</codigo_comarca>
        <municipio codigo_municipio="3550308" nome="SAO PAULO" />
    </comarca>
</comarcas>
