<?xml version="1.0" encoding="ISO-8859-1" standalone="no" ?>
<consulta>
    <data_consulta>30/11/2016</data_consulta>
    <codigo_municipio>1501402</codigo_municipio>
    <codigo_cartorio>01</codigo_cartorio>
    <protocolo>608785</protocolo>
    <data_protocolo>10/05/2016</data_protocolo>
    <slip>
        <codigo_barras>0002 000546561</codigo_barras>
        <data_slip>17/11/2016</data_slip>
        <numero_envelope>1</numero_envelope>
        <data_envelopamento>17/11/2016</data_envelopamento>
    </slip>
</consulta>
