<remessas>
    <remessa>
        <sequencial>001184</sequencial>
        <municipio>1234567</municipio>
        <titulos>
            <titulo>
                <documento_devedor>12966628000125</documento_devedor>
                <nosso_numero>112-29098743-0</nosso_numero>
                <numero_titulo>0424776302</numero_titulo>
                <saldo>99.00</saldo>
                <imagem>UEsDBBQAAA...</imagem>
            </titulo>
        </titulos>
    </remessa>
    <remessa>
        <sequencial>001185</sequencial>
        <municipio>1234567</municipio>
        <titulos>
            <titulo>
                <documento_devedor>19314704000167</documento_devedor>
                <nosso_numero>109-00006850-9</nosso_numero>
                <numero_titulo>0156402301</numero_titulo>
                <saldo>99.55</saldo>
                <imagem>UEsDBBQAAA...</imagem>
            </titulo>
            <titulo>
                <documento_devedor>11161204000120</documento_devedor>
                <nosso_numero>112-27570574-0</nosso_numero>
                <numero_titulo>566839027</numero_titulo>
                <saldo>99.00</saldo>
                <imagem>UEsDBBQAAA...</imagem>
            </titulo>
        </titulos>
    </remessa>
</remessas>