<?xml version="1.0" encoding="iso-8859-1"?>
<custas_titulo>
  <apresentantes>
    <apresentante>
      <codigo>900</codigo>
      <titulos>
        <titulo>
          <protocolo>9000504677</protocolo>
          <documento_devedor>36881317115</documento_devedor>
          <emolumentos>
            <custas>81.81</custas>
            <intimacao>23.70</intimacao>
            <cancelamento>13.95</cancelamento>
            <edital>13.24</edital>
          </emolumentos>
        </titulo>
        <titulo>
          <protocolo>9000504678</protocolo>
          <documento_devedor>02793039713</documento_devedor>
          <emolumentos>
            <custas>42.09</custas>
            <intimacao>23.70</intimacao>
            <cancelamento>13.95</cancelamento>
            <edital>13.24</edital>
          </emolumentos>
        </titulo>
      </titulos>
    </apresentante>
    <apresentante>
      <codigo>965</codigo>
      <titulos>
        <titulo>
          <protocolo>9004225659</protocolo>
          <documento_devedor>06001076120</documento_devedor>
          <emolumentos>
            <custas>101.25</custas>
            <intimacao>23.70</intimacao>
            <cancelamento>13.95</cancelamento>
            <edital>0.00</edital>
          </emolumentos>
        </titulo>
        <titulo>
          <protocolo>9004226807</protocolo>
          <documento_devedor>31015557104</documento_devedor>
          <emolumentos>
            <custas>51.90</custas>
            <intimacao>23.70</intimacao>
            <cancelamento>13.95</cancelamento>
            <edital>0.00</edital>
          </emolumentos>
        </titulo>
        <titulo>
          <protocolo>9004227467</protocolo>
          <documento_devedor>02672959102</documento_devedor>
          <emolumentos>
            <custas>51.90</custas>
            <intimacao>23.70</intimacao>
            <cancelamento>13.95</cancelamento>
            <edital>0.00</edital>
          </emolumentos>
        </titulo>
        <titulo>
          <protocolo>9004231655</protocolo>
          <documento_devedor>05609369150</documento_devedor>
          <emolumentos>
            <custas>51.90</custas>
            <intimacao>23.70</intimacao>
            <cancelamento>13.95</cancelamento>
            <edital>0.00</edital>
          </emolumentos>
        </titulo>
        <titulo>
          <protocolo>9004231677</protocolo>
          <documento_devedor>95350381172</documento_devedor>
          <emolumentos>
            <custas>51.90</custas>
            <intimacao>23.70</intimacao>
            <cancelamento>13.95</cancelamento>
            <edital>0.00</edital>
          </emolumentos>
        </titulo>
        <titulo>
          <protocolo>9004231733</protocolo>
          <documento_devedor>29136849120</documento_devedor>
          <emolumentos>
            <custas>51.90</custas>
            <intimacao>23.70</intimacao>
            <cancelamento>13.95</cancelamento>
            <edital>0.00</edital>
          </emolumentos>
        </titulo>
        <titulo>
          <protocolo>9004231852</protocolo>
          <documento_devedor>99546442100</documento_devedor>
          <emolumentos>
            <custas>51.90</custas>
            <intimacao>23.70</intimacao>
            <cancelamento>13.95</cancelamento>
            <edital>0.00</edital>
          </emolumentos>
        </titulo>
        <titulo>
          <protocolo>9004231856</protocolo>
          <documento_devedor>22562990153</documento_devedor>
          <emolumentos>
            <custas>51.90</custas>
            <intimacao>23.70</intimacao>
            <cancelamento>13.95</cancelamento>
            <edital>0.00</edital>
          </emolumentos>
        </titulo>
        <titulo>
          <protocolo>9004231925</protocolo>
          <documento_devedor>11660341191</documento_devedor>
          <emolumentos>
            <custas>51.90</custas>
            <intimacao>23.70</intimacao>
            <cancelamento>13.95</cancelamento>
            <edital>0.00</edital>
          </emolumentos>
        </titulo>
        <titulo>
          <protocolo>9004231930</protocolo>
          <documento_devedor>25934929100</documento_devedor>
          <emolumentos>
            <custas>51.90</custas>
            <intimacao>23.70</intimacao>
            <cancelamento>13.95</cancelamento>
            <edital>0.00</edital>
          </emolumentos>
        </titulo>
        <titulo>
          <protocolo>9004232050</protocolo>
          <documento_devedor>34431454187</documento_devedor>
          <emolumentos>
            <custas>51.90</custas>
            <intimacao>23.70</intimacao>
            <cancelamento>13.95</cancelamento>
            <edital>0.00</edital>
          </emolumentos>
        </titulo>
        <titulo>
          <protocolo>9004232055</protocolo>
          <documento_devedor>18005268068</documento_devedor>
          <emolumentos>
            <custas>51.90</custas>
            <intimacao>23.70</intimacao>
            <cancelamento>13.95</cancelamento>
            <edital>0.00</edital>
          </emolumentos>
        </titulo>
        <titulo>
          <protocolo>9004232063</protocolo>
          <documento_devedor>37187643187</documento_devedor>
          <emolumentos>
            <custas>51.90</custas>
            <intimacao>23.70</intimacao>
            <cancelamento>13.95</cancelamento>
            <edital>0.00</edital>
          </emolumentos>
        </titulo>
        <titulo>
          <protocolo>9004232152</protocolo>
          <documento_devedor>95546170115</documento_devedor>
          <emolumentos>
            <custas>51.90</custas>
            <intimacao>23.70</intimacao>
            <cancelamento>13.95</cancelamento>
            <edital>0.00</edital>
          </emolumentos>
        </titulo>
        <titulo>
          <protocolo>9004232212</protocolo>
          <documento_devedor>90348133472</documento_devedor>
          <emolumentos>
            <custas>51.90</custas>
            <intimacao>23.70</intimacao>
            <cancelamento>13.95</cancelamento>
            <edital>0.00</edital>
          </emolumentos>
        </titulo>
        <titulo>
          <protocolo>9004232447</protocolo>
          <documento_devedor>44337469168</documento_devedor>
          <emolumentos>
            <custas>51.90</custas>
            <intimacao>23.70</intimacao>
            <cancelamento>13.95</cancelamento>
            <edital>0.00</edital>
          </emolumentos>
        </titulo>
        <titulo>
          <protocolo>9004232472</protocolo>
          <documento_devedor>02286236186</documento_devedor>
          <emolumentos>
            <custas>51.90</custas>
            <intimacao>23.70</intimacao>
            <cancelamento>13.95</cancelamento>
            <edital>0.00</edital>
          </emolumentos>
        </titulo>
        <titulo>
          <protocolo>9004232652</protocolo>
          <documento_devedor>25620347168</documento_devedor>
          <emolumentos>
            <custas>34.95</custas>
            <intimacao>23.70</intimacao>
            <cancelamento>13.95</cancelamento>
            <edital>0.00</edital>
          </emolumentos>
        </titulo>
        <titulo>
          <protocolo>9004232803</protocolo>
          <documento_devedor>51295504120</documento_devedor>
          <emolumentos>
            <custas>51.90</custas>
            <intimacao>23.70</intimacao>
            <cancelamento>13.95</cancelamento>
            <edital>0.00</edital>
          </emolumentos>
        </titulo>
        <titulo>
          <protocolo>9004232834</protocolo>
          <documento_devedor>93876440149</documento_devedor>
          <emolumentos>
            <custas>51.90</custas>
            <intimacao>23.70</intimacao>
            <cancelamento>13.95</cancelamento>
            <edital>0.00</edital>
          </emolumentos>
        </titulo>
        <titulo>
          <protocolo>9004232865</protocolo>
          <documento_devedor>00375149112</documento_devedor>
          <emolumentos>
            <custas>51.90</custas>
            <intimacao>23.70</intimacao>
            <cancelamento>13.95</cancelamento>
            <edital>0.00</edital>
          </emolumentos>
        </titulo>
        <titulo>
          <protocolo>9004232897</protocolo>
          <documento_devedor>24901962434</documento_devedor>
          <emolumentos>
            <custas>34.95</custas>
            <intimacao>23.70</intimacao>
            <cancelamento>13.95</cancelamento>
            <edital>0.00</edital>
          </emolumentos>
        </titulo>
        <titulo>
          <protocolo>9004232927</protocolo>
          <documento_devedor>98036068168</documento_devedor>
          <emolumentos>
            <custas>51.90</custas>
            <intimacao>23.70</intimacao>
            <cancelamento>13.95</cancelamento>
            <edital>0.00</edital>
          </emolumentos>
        </titulo>
        <titulo>
          <protocolo>9004232968</protocolo>
          <documento_devedor>55994237434</documento_devedor>
          <emolumentos>
            <custas>34.95</custas>
            <intimacao>23.70</intimacao>
            <cancelamento>13.95</cancelamento>
            <edital>0.00</edital>
          </emolumentos>
        </titulo>
        <titulo>
          <protocolo>9004233078</protocolo>
          <documento_devedor>02675190101</documento_devedor>
          <emolumentos>
            <custas>51.90</custas>
            <intimacao>23.70</intimacao>
            <cancelamento>13.95</cancelamento>
            <edital>0.00</edital>
          </emolumentos>
        </titulo>
        <titulo>
          <protocolo>9004233091</protocolo>
          <documento_devedor>02694663397</documento_devedor>
          <emolumentos>
            <custas>34.95</custas>
            <intimacao>23.70</intimacao>
            <cancelamento>13.95</cancelamento>
            <edital>0.00</edital>
          </emolumentos>
        </titulo>
        <titulo>
          <protocolo>9004233108</protocolo>
          <documento_devedor>07441835100</documento_devedor>
          <emolumentos>
            <custas>51.90</custas>
            <intimacao>23.70</intimacao>
            <cancelamento>13.95</cancelamento>
            <edital>0.00</edital>
          </emolumentos>
        </titulo>
        <titulo>
          <protocolo>9004233118</protocolo>
          <documento_devedor>02188877101</documento_devedor>
          <emolumentos>
            <custas>51.90</custas>
            <intimacao>23.70</intimacao>
            <cancelamento>13.95</cancelamento>
            <edital>0.00</edital>
          </emolumentos>
        </titulo>
        <titulo>
          <protocolo>9004233199</protocolo>
          <documento_devedor>03050919132</documento_devedor>
          <emolumentos>
            <custas>34.95</custas>
            <intimacao>23.70</intimacao>
            <cancelamento>13.95</cancelamento>
            <edital>0.00</edital>
          </emolumentos>
        </titulo>
        <titulo>
          <protocolo>9004233204</protocolo>
          <documento_devedor>69691045087</documento_devedor>
          <emolumentos>
            <custas>51.90</custas>
            <intimacao>23.70</intimacao>
            <cancelamento>13.95</cancelamento>
            <edital>0.00</edital>
          </emolumentos>
        </titulo>
        <titulo>
          <protocolo>9004233307</protocolo>
          <documento_devedor>26570912100</documento_devedor>
          <emolumentos>
            <custas>51.90</custas>
            <intimacao>23.70</intimacao>
            <cancelamento>13.95</cancelamento>
            <edital>0.00</edital>
          </emolumentos>
        </titulo>
        <titulo>
          <protocolo>9004233340</protocolo>
          <documento_devedor>58402071104</documento_devedor>
          <emolumentos>
            <custas>34.95</custas>
            <intimacao>23.70</intimacao>
            <cancelamento>13.95</cancelamento>
            <edital>0.00</edital>
          </emolumentos>
        </titulo>
        <titulo>
          <protocolo>9004233355</protocolo>
          <documento_devedor>05636698372</documento_devedor>
          <emolumentos>
            <custas>51.90</custas>
            <intimacao>23.70</intimacao>
            <cancelamento>13.95</cancelamento>
            <edital>0.00</edital>
          </emolumentos>
        </titulo>
        <titulo>
          <protocolo>9004233403</protocolo>
          <documento_devedor>96377577320</documento_devedor>
          <emolumentos>
            <custas>34.95</custas>
            <intimacao>23.70</intimacao>
            <cancelamento>13.95</cancelamento>
            <edital>0.00</edital>
          </emolumentos>
        </titulo>
        <titulo>
          <protocolo>9004233475</protocolo>
          <documento_devedor>01868893138</documento_devedor>
          <emolumentos>
            <custas>34.95</custas>
            <intimacao>23.70</intimacao>
            <cancelamento>13.95</cancelamento>
            <edital>0.00</edital>
          </emolumentos>
        </titulo>
        <titulo>
          <protocolo>9004233534</protocolo>
          <documento_devedor>81492111368</documento_devedor>
          <emolumentos>
            <custas>51.90</custas>
            <intimacao>23.70</intimacao>
            <cancelamento>13.95</cancelamento>
            <edital>0.00</edital>
          </emolumentos>
        </titulo>
        <titulo>
          <protocolo>9004233567</protocolo>
          <documento_devedor>70954348168</documento_devedor>
          <emolumentos>
            <custas>34.95</custas>
            <intimacao>23.70</intimacao>
            <cancelamento>13.95</cancelamento>
            <edital>0.00</edital>
          </emolumentos>
        </titulo>
        <titulo>
          <protocolo>9004233601</protocolo>
          <documento_devedor>22283064104</documento_devedor>
          <emolumentos>
            <custas>51.90</custas>
            <intimacao>23.70</intimacao>
            <cancelamento>13.95</cancelamento>
            <edital>0.00</edital>
          </emolumentos>
        </titulo>
        <titulo>
          <protocolo>9004233799</protocolo>
          <documento_devedor>21067252134</documento_devedor>
          <emolumentos>
            <custas>34.95</custas>
            <intimacao>23.70</intimacao>
            <cancelamento>13.95</cancelamento>
            <edital>0.00</edital>
          </emolumentos>
        </titulo>
        <titulo>
          <protocolo>9004233852</protocolo>
          <documento_devedor>09822739168</documento_devedor>
          <emolumentos>
            <custas>34.95</custas>
            <intimacao>23.70</intimacao>
            <cancelamento>13.95</cancelamento>
            <edital>0.00</edital>
          </emolumentos>
        </titulo>
        <titulo>
          <protocolo>9004233887</protocolo>
          <documento_devedor>02902621191</documento_devedor>
          <emolumentos>
            <custas>34.95</custas>
            <intimacao>23.70</intimacao>
            <cancelamento>13.95</cancelamento>
            <edital>0.00</edital>
          </emolumentos>
        </titulo>
        <titulo>
          <protocolo>9004233932</protocolo>
          <documento_devedor>00279977158</documento_devedor>
          <emolumentos>
            <custas>34.95</custas>
            <intimacao>23.70</intimacao>
            <cancelamento>13.95</cancelamento>
            <edital>0.00</edital>
          </emolumentos>
        </titulo>
        <titulo>
          <protocolo>9004233959</protocolo>
          <documento_devedor>37181530178</documento_devedor>
          <emolumentos>
            <custas>34.95</custas>
            <intimacao>23.70</intimacao>
            <cancelamento>13.95</cancelamento>
            <edital>0.00</edital>
          </emolumentos>
        </titulo>
        <titulo>
          <protocolo>9004233989</protocolo>
          <documento_devedor>47297956104</documento_devedor>
          <emolumentos>
            <custas>51.90</custas>
            <intimacao>23.70</intimacao>
            <cancelamento>13.95</cancelamento>
            <edital>0.00</edital>
          </emolumentos>
        </titulo>
        <titulo>
          <protocolo>9004234013</protocolo>
          <documento_devedor>02640428160</documento_devedor>
          <emolumentos>
            <custas>34.95</custas>
            <intimacao>23.70</intimacao>
            <cancelamento>13.95</cancelamento>
            <edital>0.00</edital>
          </emolumentos>
        </titulo>
        <titulo>
          <protocolo>9004234077</protocolo>
          <documento_devedor>27938190187</documento_devedor>
          <emolumentos>
            <custas>51.90</custas>
            <intimacao>23.70</intimacao>
            <cancelamento>13.95</cancelamento>
            <edital>0.00</edital>
          </emolumentos>
        </titulo>
        <titulo>
          <protocolo>9004234086</protocolo>
          <documento_devedor>41639170120</documento_devedor>
          <emolumentos>
            <custas>34.95</custas>
            <intimacao>23.70</intimacao>
            <cancelamento>13.95</cancelamento>
            <edital>0.00</edital>
          </emolumentos>
        </titulo>
        <titulo>
          <protocolo>9004234096</protocolo>
          <documento_devedor>29283388291</documento_devedor>
          <emolumentos>
            <custas>51.90</custas>
            <intimacao>23.70</intimacao>
            <cancelamento>13.95</cancelamento>
            <edital>0.00</edital>
          </emolumentos>
        </titulo>
        <titulo>
          <protocolo>9004234131</protocolo>
          <documento_devedor>00998524115</documento_devedor>
          <emolumentos>
            <custas>51.90</custas>
            <intimacao>23.70</intimacao>
            <cancelamento>13.95</cancelamento>
            <edital>0.00</edital>
          </emolumentos>
        </titulo>
        <titulo>
          <protocolo>9004234211</protocolo>
          <documento_devedor>33459746149</documento_devedor>
          <emolumentos>
            <custas>51.90</custas>
            <intimacao>23.70</intimacao>
            <cancelamento>13.95</cancelamento>
            <edital>0.00</edital>
          </emolumentos>
        </titulo>
        <titulo>
          <protocolo>9004234212</protocolo>
          <documento_devedor>58467874104</documento_devedor>
          <emolumentos>
            <custas>51.90</custas>
            <intimacao>23.70</intimacao>
            <cancelamento>13.95</cancelamento>
            <edital>0.00</edital>
          </emolumentos>
        </titulo>
        <titulo>
          <protocolo>9004234356</protocolo>
          <documento_devedor>02308901489</documento_devedor>
          <emolumentos>
            <custas>51.90</custas>
            <intimacao>23.70</intimacao>
            <cancelamento>13.95</cancelamento>
            <edital>0.00</edital>
          </emolumentos>
        </titulo>
        <titulo>
          <protocolo>9004234359</protocolo>
          <documento_devedor>85222402134</documento_devedor>
          <emolumentos>
            <custas>34.95</custas>
            <intimacao>23.70</intimacao>
            <cancelamento>13.95</cancelamento>
            <edital>0.00</edital>
          </emolumentos>
        </titulo>
        <titulo>
          <protocolo>9004234478</protocolo>
          <documento_devedor>21941459668</documento_devedor>
          <emolumentos>
            <custas>51.90</custas>
            <intimacao>23.70</intimacao>
            <cancelamento>13.95</cancelamento>
            <edital>0.00</edital>
          </emolumentos>
        </titulo>
        <titulo>
          <protocolo>9004234517</protocolo>
          <documento_devedor>26336499120</documento_devedor>
          <emolumentos>
            <custas>51.90</custas>
            <intimacao>23.70</intimacao>
            <cancelamento>13.95</cancelamento>
            <edital>0.00</edital>
          </emolumentos>
        </titulo>
        <titulo>
          <protocolo>9004234564</protocolo>
          <documento_devedor>40105547115</documento_devedor>
          <emolumentos>
            <custas>51.90</custas>
            <intimacao>23.70</intimacao>
            <cancelamento>13.95</cancelamento>
            <edital>0.00</edital>
          </emolumentos>
        </titulo>
        <titulo>
          <protocolo>9004234611</protocolo>
          <documento_devedor>28005333153</documento_devedor>
          <emolumentos>
            <custas>34.95</custas>
            <intimacao>23.70</intimacao>
            <cancelamento>13.95</cancelamento>
            <edital>0.00</edital>
          </emolumentos>
        </titulo>
        <titulo>
          <protocolo>9004234661</protocolo>
          <documento_devedor>00457603143</documento_devedor>
          <emolumentos>
            <custas>34.95</custas>
            <intimacao>23.70</intimacao>
            <cancelamento>13.95</cancelamento>
            <edital>0.00</edital>
          </emolumentos>
        </titulo>
        <titulo>
          <protocolo>9004234697</protocolo>
          <documento_devedor>35977817134</documento_devedor>
          <emolumentos>
            <custas>51.90</custas>
            <intimacao>23.70</intimacao>
            <cancelamento>13.95</cancelamento>
            <edital>0.00</edital>
          </emolumentos>
        </titulo>
        <titulo>
          <protocolo>9004234744</protocolo>
          <documento_devedor>30692121668</documento_devedor>
          <emolumentos>
            <custas>51.90</custas>
            <intimacao>23.70</intimacao>
            <cancelamento>13.95</cancelamento>
            <edital>0.00</edital>
          </emolumentos>
        </titulo>
        <titulo>
          <protocolo>9004234749</protocolo>
          <documento_devedor>27599906134</documento_devedor>
          <emolumentos>
            <custas>34.95</custas>
            <intimacao>23.70</intimacao>
            <cancelamento>13.95</cancelamento>
            <edital>0.00</edital>
          </emolumentos>
        </titulo>
        <titulo>
          <protocolo>9004234761</protocolo>
          <documento_devedor>71198407115</documento_devedor>
          <emolumentos>
            <custas>34.95</custas>
            <intimacao>23.70</intimacao>
            <cancelamento>13.95</cancelamento>
            <edital>0.00</edital>
          </emolumentos>
        </titulo>
        <titulo>
          <protocolo>9004234762</protocolo>
          <documento_devedor>11555181104</documento_devedor>
          <emolumentos>
            <custas>51.90</custas>
            <intimacao>23.70</intimacao>
            <cancelamento>13.95</cancelamento>
            <edital>0.00</edital>
          </emolumentos>
        </titulo>
        <titulo>
          <protocolo>9004234905</protocolo>
          <documento_devedor>38548895187</documento_devedor>
          <emolumentos>
            <custas>51.90</custas>
            <intimacao>23.70</intimacao>
            <cancelamento>13.95</cancelamento>
            <edital>0.00</edital>
          </emolumentos>
        </titulo>
        <titulo>
          <protocolo>9004234910</protocolo>
          <documento_devedor>41778782191</documento_devedor>
          <emolumentos>
            <custas>34.95</custas>
            <intimacao>23.70</intimacao>
            <cancelamento>13.95</cancelamento>
            <edital>0.00</edital>
          </emolumentos>
        </titulo>
        <titulo>
          <protocolo>9004234940</protocolo>
          <documento_devedor>31890679100</documento_devedor>
          <emolumentos>
            <custas>51.90</custas>
            <intimacao>23.70</intimacao>
            <cancelamento>13.95</cancelamento>
            <edital>0.00</edital>
          </emolumentos>
        </titulo>
        <titulo>
          <protocolo>9004234979</protocolo>
          <documento_devedor>09325611104</documento_devedor>
          <emolumentos>
            <custas>51.90</custas>
            <intimacao>23.70</intimacao>
            <cancelamento>13.95</cancelamento>
            <edital>0.00</edital>
          </emolumentos>
        </titulo>
        <titulo>
          <protocolo>9004235095</protocolo>
          <documento_devedor>53906586120</documento_devedor>
          <emolumentos>
            <custas>51.90</custas>
            <intimacao>23.70</intimacao>
            <cancelamento>13.95</cancelamento>
            <edital>0.00</edital>
          </emolumentos>
        </titulo>
        <titulo>
          <protocolo>9004235144</protocolo>
          <documento_devedor>04635540197</documento_devedor>
          <emolumentos>
            <custas>51.90</custas>
            <intimacao>23.70</intimacao>
            <cancelamento>13.95</cancelamento>
            <edital>0.00</edital>
          </emolumentos>
        </titulo>
        <titulo>
          <protocolo>9004235165</protocolo>
          <documento_devedor>82355002134</documento_devedor>
          <emolumentos>
            <custas>51.90</custas>
            <intimacao>23.70</intimacao>
            <cancelamento>13.95</cancelamento>
            <edital>0.00</edital>
          </emolumentos>
        </titulo>
        <titulo>
          <protocolo>9004235196</protocolo>
          <documento_devedor>92634427115</documento_devedor>
          <emolumentos>
            <custas>51.90</custas>
            <intimacao>23.70</intimacao>
            <cancelamento>13.95</cancelamento>
            <edital>0.00</edital>
          </emolumentos>
        </titulo>
        <titulo>
          <protocolo>9004235202</protocolo>
          <documento_devedor>55971750178</documento_devedor>
          <emolumentos>
            <custas>34.95</custas>
            <intimacao>23.70</intimacao>
            <cancelamento>13.95</cancelamento>
            <edital>0.00</edital>
          </emolumentos>
        </titulo>
        <titulo>
          <protocolo>9004235216</protocolo>
          <documento_devedor>65794923172</documento_devedor>
          <emolumentos>
            <custas>34.95</custas>
            <intimacao>23.70</intimacao>
            <cancelamento>13.95</cancelamento>
            <edital>0.00</edital>
          </emolumentos>
        </titulo>
        <titulo>
          <protocolo>9004235217</protocolo>
          <documento_devedor>01988493110</documento_devedor>
          <emolumentos>
            <custas>34.95</custas>
            <intimacao>23.70</intimacao>
            <cancelamento>13.95</cancelamento>
            <edital>0.00</edital>
          </emolumentos>
        </titulo>
        <titulo>
          <protocolo>9004235274</protocolo>
          <documento_devedor>22118047134</documento_devedor>
          <emolumentos>
            <custas>51.90</custas>
            <intimacao>23.70</intimacao>
            <cancelamento>13.95</cancelamento>
            <edital>0.00</edital>
          </emolumentos>
        </titulo>
        <titulo>
          <protocolo>9004235309</protocolo>
          <documento_devedor>64801993168</documento_devedor>
          <emolumentos>
            <custas>51.90</custas>
            <intimacao>23.70</intimacao>
            <cancelamento>13.95</cancelamento>
            <edital>0.00</edital>
          </emolumentos>
        </titulo>
        <titulo>
          <protocolo>9004235345</protocolo>
          <documento_devedor>52394573104</documento_devedor>
          <emolumentos>
            <custas>51.90</custas>
            <intimacao>23.70</intimacao>
            <cancelamento>13.95</cancelamento>
            <edital>0.00</edital>
          </emolumentos>
        </titulo>
        <titulo>
          <protocolo>9004235365</protocolo>
          <documento_devedor>26574357187</documento_devedor>
          <emolumentos>
            <custas>51.90</custas>
            <intimacao>23.70</intimacao>
            <cancelamento>13.95</cancelamento>
            <edital>0.00</edital>
          </emolumentos>
        </titulo>
        <titulo>
          <protocolo>9004235386</protocolo>
          <documento_devedor>03257657153</documento_devedor>
          <emolumentos>
            <custas>51.90</custas>
            <intimacao>23.70</intimacao>
            <cancelamento>13.95</cancelamento>
            <edital>0.00</edital>
          </emolumentos>
        </titulo>
        <titulo>
          <protocolo>9004235519</protocolo>
          <documento_devedor>22622543115</documento_devedor>
          <emolumentos>
            <custas>51.90</custas>
            <intimacao>23.70</intimacao>
            <cancelamento>13.95</cancelamento>
            <edital>0.00</edital>
          </emolumentos>
        </titulo>
        <titulo>
          <protocolo>9004235546</protocolo>
          <documento_devedor>22077642149</documento_devedor>
          <emolumentos>
            <custas>34.95</custas>
            <intimacao>23.70</intimacao>
            <cancelamento>13.95</cancelamento>
            <edital>0.00</edital>
          </emolumentos>
        </titulo>
        <titulo>
          <protocolo>9004235598</protocolo>
          <documento_devedor>01117833135</documento_devedor>
          <emolumentos>
            <custas>51.90</custas>
            <intimacao>23.70</intimacao>
            <cancelamento>13.95</cancelamento>
            <edital>0.00</edital>
          </emolumentos>
        </titulo>
        <titulo>
          <protocolo>9004235694</protocolo>
          <documento_devedor>56415400134</documento_devedor>
          <emolumentos>
            <custas>34.95</custas>
            <intimacao>23.70</intimacao>
            <cancelamento>13.95</cancelamento>
            <edital>0.00</edital>
          </emolumentos>
        </titulo>
        <titulo>
          <protocolo>9004235709</protocolo>
          <documento_devedor>60329556134</documento_devedor>
          <emolumentos>
            <custas>34.95</custas>
            <intimacao>23.70</intimacao>
            <cancelamento>13.95</cancelamento>
            <edital>0.00</edital>
          </emolumentos>
        </titulo>
        <titulo>
          <protocolo>9004235790</protocolo>
          <documento_devedor>11333693168</documento_devedor>
          <emolumentos>
            <custas>34.95</custas>
            <intimacao>23.70</intimacao>
            <cancelamento>13.95</cancelamento>
            <edital>0.00</edital>
          </emolumentos>
        </titulo>
        <titulo>
          <protocolo>9004235875</protocolo>
          <documento_devedor>55215300100</documento_devedor>
          <emolumentos>
            <custas>34.95</custas>
            <intimacao>23.70</intimacao>
            <cancelamento>13.95</cancelamento>
            <edital>0.00</edital>
          </emolumentos>
        </titulo>
        <titulo>
          <protocolo>9004235965</protocolo>
          <documento_devedor>15017532153</documento_devedor>
          <emolumentos>
            <custas>34.95</custas>
            <intimacao>23.70</intimacao>
            <cancelamento>13.95</cancelamento>
            <edital>0.00</edital>
          </emolumentos>
        </titulo>
        <titulo>
          <protocolo>9004236331</protocolo>
          <documento_devedor>07956163684</documento_devedor>
          <emolumentos>
            <custas>34.95</custas>
            <intimacao>23.70</intimacao>
            <cancelamento>13.95</cancelamento>
            <edital>0.00</edital>
          </emolumentos>
        </titulo>
        <titulo>
          <protocolo>9004236367</protocolo>
          <documento_devedor>32722800144</documento_devedor>
          <emolumentos>
            <custas>34.95</custas>
            <intimacao>23.70</intimacao>
            <cancelamento>13.95</cancelamento>
            <edital>0.00</edital>
          </emolumentos>
        </titulo>
        <titulo>
          <protocolo>9004236442</protocolo>
          <documento_devedor>04220994149</documento_devedor>
          <emolumentos>
            <custas>34.95</custas>
            <intimacao>23.70</intimacao>
            <cancelamento>13.95</cancelamento>
            <edital>0.00</edital>
          </emolumentos>
        </titulo>
        <titulo>
          <protocolo>9004236610</protocolo>
          <documento_devedor>29634857191</documento_devedor>
          <emolumentos>
            <custas>51.90</custas>
            <intimacao>23.70</intimacao>
            <cancelamento>13.95</cancelamento>
            <edital>0.00</edital>
          </emolumentos>
        </titulo>
        <titulo>
          <protocolo>9004236633</protocolo>
          <documento_devedor>64803740100</documento_devedor>
          <emolumentos>
            <custas>51.90</custas>
            <intimacao>23.70</intimacao>
            <cancelamento>13.95</cancelamento>
            <edital>0.00</edital>
          </emolumentos>
        </titulo>
        <titulo>
          <protocolo>9004236661</protocolo>
          <documento_devedor>52402894172</documento_devedor>
          <emolumentos>
            <custas>51.90</custas>
            <intimacao>23.70</intimacao>
            <cancelamento>13.95</cancelamento>
            <edital>0.00</edital>
          </emolumentos>
        </titulo>
        <titulo>
          <protocolo>9004236670</protocolo>
          <documento_devedor>50425684172</documento_devedor>
          <emolumentos>
            <custas>34.95</custas>
            <intimacao>23.70</intimacao>
            <cancelamento>13.95</cancelamento>
            <edital>0.00</edital>
          </emolumentos>
        </titulo>
        <titulo>
          <protocolo>9004236723</protocolo>
          <documento_devedor>14447738104</documento_devedor>
          <emolumentos>
            <custas>51.90</custas>
            <intimacao>23.70</intimacao>
            <cancelamento>13.95</cancelamento>
            <edital>0.00</edital>
          </emolumentos>
        </titulo>
        <titulo>
          <protocolo>9004236728</protocolo>
          <documento_devedor>61060291134</documento_devedor>
          <emolumentos>
            <custas>34.95</custas>
            <intimacao>23.70</intimacao>
            <cancelamento>13.95</cancelamento>
            <edital>0.00</edital>
          </emolumentos>
        </titulo>
        <titulo>
          <protocolo>9004236833</protocolo>
          <documento_devedor>09753838840</documento_devedor>
          <emolumentos>
            <custas>34.95</custas>
            <intimacao>23.70</intimacao>
            <cancelamento>13.95</cancelamento>
            <edital>0.00</edital>
          </emolumentos>
        </titulo>
        <titulo>
          <protocolo>9004239857</protocolo>
          <documento_devedor>47293608187</documento_devedor>
          <emolumentos>
            <custas>85.05</custas>
            <intimacao>23.70</intimacao>
            <cancelamento>13.95</cancelamento>
            <edital>0.00</edital>
          </emolumentos>
        </titulo>
        <titulo>
          <protocolo>9004242567</protocolo>
          <documento_devedor>30291763120</documento_devedor>
          <emolumentos>
            <custas>68.25</custas>
            <intimacao>23.70</intimacao>
            <cancelamento>13.95</cancelamento>
            <edital>0.00</edital>
          </emolumentos>
        </titulo>
        <titulo>
          <protocolo>9004244234</protocolo>
          <documento_devedor>02967633143</documento_devedor>
          <emolumentos>
            <custas>51.90</custas>
            <intimacao>23.70</intimacao>
            <cancelamento>13.95</cancelamento>
            <edital>0.00</edital>
          </emolumentos>
        </titulo>
        <titulo>
          <protocolo>9004244719</protocolo>
          <documento_devedor>16669935730</documento_devedor>
          <emolumentos>
            <custas>68.25</custas>
            <intimacao>23.70</intimacao>
            <cancelamento>13.95</cancelamento>
            <edital>0.00</edital>
          </emolumentos>
        </titulo>
        <titulo>
          <protocolo>9004244739</protocolo>
          <documento_devedor>87457563172</documento_devedor>
          <emolumentos>
            <custas>68.25</custas>
            <intimacao>23.70</intimacao>
            <cancelamento>13.95</cancelamento>
            <edital>0.00</edital>
          </emolumentos>
        </titulo>
        <titulo>
          <protocolo>9004245356</protocolo>
          <documento_devedor>39819680182</documento_devedor>
          <emolumentos>
            <custas>68.25</custas>
            <intimacao>23.70</intimacao>
            <cancelamento>13.95</cancelamento>
            <edital>0.00</edital>
          </emolumentos>
        </titulo>
        <titulo>
          <protocolo>9004245502</protocolo>
          <documento_devedor>81298927153</documento_devedor>
          <emolumentos>
            <custas>51.90</custas>
            <intimacao>23.70</intimacao>
            <cancelamento>13.95</cancelamento>
            <edital>0.00</edital>
          </emolumentos>
        </titulo>
        <titulo>
          <protocolo>9004246409</protocolo>
          <documento_devedor>01453204130</documento_devedor>
          <emolumentos>
            <custas>68.25</custas>
            <intimacao>23.70</intimacao>
            <cancelamento>13.95</cancelamento>
            <edital>0.00</edital>
          </emolumentos>
        </titulo>
        <titulo>
          <protocolo>9004247393</protocolo>
          <documento_devedor>05143947650</documento_devedor>
          <emolumentos>
            <custas>68.25</custas>
            <intimacao>23.70</intimacao>
            <cancelamento>13.95</cancelamento>
            <edital>0.00</edital>
          </emolumentos>
        </titulo>
        <titulo>
          <protocolo>9004256242</protocolo>
          <documento_devedor>22291172115</documento_devedor>
          <emolumentos>
            <custas>68.25</custas>
            <intimacao>23.70</intimacao>
            <cancelamento>13.95</cancelamento>
            <edital>0.00</edital>
          </emolumentos>
        </titulo>
        <titulo>
          <protocolo>9004257228</protocolo>
          <documento_devedor>14582651100</documento_devedor>
          <emolumentos>
            <custas>85.05</custas>
            <intimacao>23.70</intimacao>
            <cancelamento>13.95</cancelamento>
            <edital>0.00</edital>
          </emolumentos>
        </titulo>
        <titulo>
          <protocolo>9004257509</protocolo>
          <documento_devedor>01161950109</documento_devedor>
          <emolumentos>
            <custas>51.90</custas>
            <intimacao>23.70</intimacao>
            <cancelamento>13.95</cancelamento>
            <edital>0.00</edital>
          </emolumentos>
        </titulo>
        <titulo>
          <protocolo>9004260941</protocolo>
          <documento_devedor>22562990153</documento_devedor>
          <emolumentos>
            <custas>51.90</custas>
            <intimacao>23.70</intimacao>
            <cancelamento>13.95</cancelamento>
            <edital>0.00</edital>
          </emolumentos>
        </titulo>
        <titulo>
          <protocolo>9004261001</protocolo>
          <documento_devedor>87127849153</documento_devedor>
          <emolumentos>
            <custas>51.90</custas>
            <intimacao>23.70</intimacao>
            <cancelamento>13.95</cancelamento>
            <edital>0.00</edital>
          </emolumentos>
        </titulo>
        <titulo>
          <protocolo>9004261009</protocolo>
          <documento_devedor>72016345187</documento_devedor>
          <emolumentos>
            <custas>51.90</custas>
            <intimacao>23.70</intimacao>
            <cancelamento>13.95</cancelamento>
            <edital>0.00</edital>
          </emolumentos>
        </titulo>
        <titulo>
          <protocolo>9004261170</protocolo>
          <documento_devedor>22591834172</documento_devedor>
          <emolumentos>
            <custas>51.90</custas>
            <intimacao>23.70</intimacao>
            <cancelamento>13.95</cancelamento>
            <edital>0.00</edital>
          </emolumentos>
        </titulo>
        <titulo>
          <protocolo>9004261350</protocolo>
          <documento_devedor>21063702100</documento_devedor>
          <emolumentos>
            <custas>34.95</custas>
            <intimacao>23.70</intimacao>
            <cancelamento>13.95</cancelamento>
            <edital>0.00</edital>
          </emolumentos>
        </titulo>
        <titulo>
          <protocolo>9004261703</protocolo>
          <documento_devedor>76562123100</documento_devedor>
          <emolumentos>
            <custas>51.90</custas>
            <intimacao>23.70</intimacao>
            <cancelamento>13.95</cancelamento>
            <edital>0.00</edital>
          </emolumentos>
        </titulo>
        <titulo>
          <protocolo>9004261712</protocolo>
          <documento_devedor>22287248153</documento_devedor>
          <emolumentos>
            <custas>34.95</custas>
            <intimacao>23.70</intimacao>
            <cancelamento>13.95</cancelamento>
            <edital>0.00</edital>
          </emolumentos>
        </titulo>
        <titulo>
          <protocolo>9004261787</protocolo>
          <documento_devedor>59903848153</documento_devedor>
          <emolumentos>
            <custas>51.90</custas>
            <intimacao>23.70</intimacao>
            <cancelamento>13.95</cancelamento>
            <edital>0.00</edital>
          </emolumentos>
        </titulo>
        <titulo>
          <protocolo>9004261892</protocolo>
          <documento_devedor>88871290534</documento_devedor>
          <emolumentos>
            <custas>51.90</custas>
            <intimacao>23.70</intimacao>
            <cancelamento>13.95</cancelamento>
            <edital>0.00</edital>
          </emolumentos>
        </titulo>
        <titulo>
          <protocolo>9004261968</protocolo>
          <documento_devedor>18459420191</documento_devedor>
          <emolumentos>
            <custas>51.90</custas>
            <intimacao>23.70</intimacao>
            <cancelamento>13.95</cancelamento>
            <edital>0.00</edital>
          </emolumentos>
        </titulo>
        <titulo>
          <protocolo>9004262028</protocolo>
          <documento_devedor>77000226153</documento_devedor>
          <emolumentos>
            <custas>51.90</custas>
            <intimacao>23.70</intimacao>
            <cancelamento>13.95</cancelamento>
            <edital>0.00</edital>
          </emolumentos>
        </titulo>
        <titulo>
          <protocolo>9004262325</protocolo>
          <documento_devedor>91062276191</documento_devedor>
          <emolumentos>
            <custas>34.95</custas>
            <intimacao>23.70</intimacao>
            <cancelamento>13.95</cancelamento>
            <edital>0.00</edital>
          </emolumentos>
        </titulo>
        <titulo>
          <protocolo>9004262382</protocolo>
          <documento_devedor>49283120159</documento_devedor>
          <emolumentos>
            <custas>34.95</custas>
            <intimacao>23.70</intimacao>
            <cancelamento>13.95</cancelamento>
            <edital>0.00</edital>
          </emolumentos>
        </titulo>
        <titulo>
          <protocolo>9004262841</protocolo>
          <documento_devedor>12685577653</documento_devedor>
          <emolumentos>
            <custas>34.95</custas>
            <intimacao>23.70</intimacao>
            <cancelamento>13.95</cancelamento>
            <edital>0.00</edital>
          </emolumentos>
        </titulo>
        <titulo>
          <protocolo>9004263006</protocolo>
          <documento_devedor>00453881645</documento_devedor>
          <emolumentos>
            <custas>51.90</custas>
            <intimacao>23.70</intimacao>
            <cancelamento>13.95</cancelamento>
            <edital>0.00</edital>
          </emolumentos>
        </titulo>
        <titulo>
          <protocolo>9004263123</protocolo>
          <documento_devedor>37183206149</documento_devedor>
          <emolumentos>
            <custas>34.95</custas>
            <intimacao>23.70</intimacao>
            <cancelamento>13.95</cancelamento>
            <edital>0.00</edital>
          </emolumentos>
        </titulo>
        <titulo>
          <protocolo>9004263512</protocolo>
          <documento_devedor>30159580110</documento_devedor>
          <emolumentos>
            <custas>34.95</custas>
            <intimacao>23.70</intimacao>
            <cancelamento>13.95</cancelamento>
            <edital>0.00</edital>
          </emolumentos>
        </titulo>
        <titulo>
          <protocolo>9004264916</protocolo>
          <documento_devedor>24853674187</documento_devedor>
          <emolumentos>
            <custas>51.90</custas>
            <intimacao>23.70</intimacao>
            <cancelamento>13.95</cancelamento>
            <edital>0.00</edital>
          </emolumentos>
        </titulo>
        <titulo>
          <protocolo>9004265022</protocolo>
          <documento_devedor>28115700800</documento_devedor>
          <emolumentos>
            <custas>34.95</custas>
            <intimacao>23.70</intimacao>
            <cancelamento>13.95</cancelamento>
            <edital>0.00</edital>
          </emolumentos>
        </titulo>
        <titulo>
          <protocolo>9004265187</protocolo>
          <documento_devedor>97803820115</documento_devedor>
          <emolumentos>
            <custas>51.90</custas>
            <intimacao>23.70</intimacao>
            <cancelamento>13.95</cancelamento>
            <edital>0.00</edital>
          </emolumentos>
        </titulo>
        <titulo>
          <protocolo>9004265331</protocolo>
          <documento_devedor>85233897172</documento_devedor>
          <emolumentos>
            <custas>51.90</custas>
            <intimacao>23.70</intimacao>
            <cancelamento>13.95</cancelamento>
            <edital>0.00</edital>
          </emolumentos>
        </titulo>
        <titulo>
          <protocolo>9004265412</protocolo>
          <documento_devedor>77976827120</documento_devedor>
          <emolumentos>
            <custas>51.90</custas>
            <intimacao>23.70</intimacao>
            <cancelamento>13.95</cancelamento>
            <edital>0.00</edital>
          </emolumentos>
        </titulo>
        <titulo>
          <protocolo>9004265466</protocolo>
          <documento_devedor>61153486172</documento_devedor>
          <emolumentos>
            <custas>34.95</custas>
            <intimacao>23.70</intimacao>
            <cancelamento>13.95</cancelamento>
            <edital>0.00</edital>
          </emolumentos>
        </titulo>
        <titulo>
          <protocolo>9004265549</protocolo>
          <documento_devedor>71514112191</documento_devedor>
          <emolumentos>
            <custas>51.90</custas>
            <intimacao>23.70</intimacao>
            <cancelamento>13.95</cancelamento>
            <edital>0.00</edital>
          </emolumentos>
        </titulo>
        <titulo>
          <protocolo>9004265607</protocolo>
          <documento_devedor>51268140104</documento_devedor>
          <emolumentos>
            <custas>34.95</custas>
            <intimacao>23.70</intimacao>
            <cancelamento>13.95</cancelamento>
            <edital>0.00</edital>
          </emolumentos>
        </titulo>
        <titulo>
          <protocolo>9004265611</protocolo>
          <documento_devedor>65781880100</documento_devedor>
          <emolumentos>
            <custas>34.95</custas>
            <intimacao>23.70</intimacao>
            <cancelamento>13.95</cancelamento>
            <edital>0.00</edital>
          </emolumentos>
        </titulo>
        <titulo>
          <protocolo>9004265626</protocolo>
          <documento_devedor>36870390134</documento_devedor>
          <emolumentos>
            <custas>51.90</custas>
            <intimacao>23.70</intimacao>
            <cancelamento>13.95</cancelamento>
            <edital>0.00</edital>
          </emolumentos>
        </titulo>
        <titulo>
          <protocolo>9004265799</protocolo>
          <documento_devedor>29636000115</documento_devedor>
          <emolumentos>
            <custas>51.90</custas>
            <intimacao>23.70</intimacao>
            <cancelamento>13.95</cancelamento>
            <edital>0.00</edital>
          </emolumentos>
        </titulo>
        <titulo>
          <protocolo>9004266152</protocolo>
          <documento_devedor>37156918168</documento_devedor>
          <emolumentos>
            <custas>51.90</custas>
            <intimacao>23.70</intimacao>
            <cancelamento>13.95</cancelamento>
            <edital>0.00</edital>
          </emolumentos>
        </titulo>
        <titulo>
          <protocolo>9004266162</protocolo>
          <documento_devedor>38627620172</documento_devedor>
          <emolumentos>
            <custas>34.95</custas>
            <intimacao>23.70</intimacao>
            <cancelamento>13.95</cancelamento>
            <edital>0.00</edital>
          </emolumentos>
        </titulo>
      </titulos>
    </apresentante>
    <apresentante>
      <codigo>H32</codigo>
      <titulos>
        <titulo>
          <protocolo>9004231337</protocolo>
          <documento_devedor>70070474168</documento_devedor>
          <emolumentos>
            <custas>51.90</custas>
            <intimacao>23.70</intimacao>
            <cancelamento>13.95</cancelamento>
            <edital>0.00</edital>
          </emolumentos>
        </titulo>
        <titulo>
          <protocolo>9004266576</protocolo>
          <documento_devedor>03474914642</documento_devedor>
          <emolumentos>
            <custas>68.25</custas>
            <intimacao>23.70</intimacao>
            <cancelamento>13.95</cancelamento>
            <edital>0.00</edital>
          </emolumentos>
        </titulo>
      </titulos>
    </apresentante>
    <apresentante>
      <codigo>945</codigo>
      <titulos>
        <titulo>
          <protocolo>9004260661</protocolo>
          <documento_devedor>79523730134</documento_devedor>
          <emolumentos>
            <custas>53.50</custas>
            <intimacao>23.70</intimacao>
            <cancelamento>13.95</cancelamento>
            <edital>0.00</edital>
          </emolumentos>
        </titulo>
        <titulo>
          <protocolo>9004260662</protocolo>
          <documento_devedor>86991612120</documento_devedor>
          <emolumentos>
            <custas>70.30</custas>
            <intimacao>23.70</intimacao>
            <cancelamento>13.95</cancelamento>
            <edital>0.00</edital>
          </emolumentos>
        </titulo>
      </titulos>
    </apresentante>
    <apresentante>
      <codigo>H57</codigo>
      <titulos>
        <titulo>
          <protocolo>9004260670</protocolo>
          <documento_devedor>07546007000152</documento_devedor>
          <emolumentos>
            <custas>68.25</custas>
            <intimacao>23.70</intimacao>
            <cancelamento>13.95</cancelamento>
            <edital>0.00</edital>
          </emolumentos>
        </titulo>
        <titulo>
          <protocolo>9004260671</protocolo>
          <documento_devedor>07546007000152</documento_devedor>
          <emolumentos>
            <custas>68.25</custas>
            <intimacao>23.70</intimacao>
            <cancelamento>13.95</cancelamento>
            <edital>0.00</edital>
          </emolumentos>
        </titulo>
        <titulo>
          <protocolo>9004260672</protocolo>
          <documento_devedor>07546007000152</documento_devedor>
          <emolumentos>
            <custas>121.35</custas>
            <intimacao>23.70</intimacao>
            <cancelamento>13.95</cancelamento>
            <edital>0.00</edital>
          </emolumentos>
        </titulo>
        <titulo>
          <protocolo>9004260673</protocolo>
          <documento_devedor>07546007000152</documento_devedor>
          <emolumentos>
            <custas>121.35</custas>
            <intimacao>23.70</intimacao>
            <cancelamento>13.95</cancelamento>
            <edital>0.00</edital>
          </emolumentos>
        </titulo>
      </titulos>
    </apresentante>
  </apresentantes>
</custas_titulo>
