<custas_titulo>
    <apresentantes>
        <apresentante>
            <codigo>111</codigo>
            <titulos>
                <titulo>
                    <protocolo>0000000000</protocolo>
                    <documento_devedor>99999999999</documento_devedor>
                    <data_protocolo>09/12/2016</data_protocolo>
                    <numero_titulo>987987</numero_titulo>
                    <nosso_numero>987987987987987</nosso_numero>
                    <valor>166.31</valor>
                    <emolumentos>
                        <emolumento>
                            <tipo>1</tipo>
                            <vigencia>11/04/2022</vigencia>
                            <total>30.4</total>
                        </emolumento>
                    </emolumentos>
                </titulo>
			    <titulo>
                    <protocolo>0000000000</protocolo>
                    <documento_devedor>99999999999</documento_devedor>
                    <data_protocolo>09/12/2016</data_protocolo>
                    <numero_titulo>987987</numero_titulo>
                    <nosso_numero>987987987987987</nosso_numero>
                    <valor>166.31</valor>
                    <emolumentos>
                        <emolumento>
                            <tipo>1</tipo>
                            <vigencia></vigencia>
                            <total></total>
                        </emolumento>
                        <emolumento>
                            <tipo>2</tipo>
                            <vigencia>11/04/2022</vigencia>
                            <total>30.4</total>
                        </emolumento>
                    </emolumentos>
                </titulo>
            </titulos>
        </apresentante>
		  <codigo>222</codigo>
            <titulos>
                <titulo>
                    <protocolo>0000000000</protocolo>
                    <documento_devedor>99999999999</documento_devedor>
                    <data_protocolo>09/12/2016</data_protocolo>
                    <numero_titulo>987987</numero_titulo>
                    <nosso_numero>987987987987987</nosso_numero>
                    <valor>166.31</valor>
                    <emolumentos>
                        <emolumento>
                            <tipo>1</tipo>
                            <vigencia>11/04/2022</vigencia>
                            <total>30.4</total>
                        </emolumento>
                    </emolumentos>
                </titulo>
			    <titulo>
                    <protocolo>0000000000</protocolo>
                    <documento_devedor>99999999999</documento_devedor>
                    <data_protocolo>09/12/2016</data_protocolo>
                    <numero_titulo>987987</numero_titulo>
                    <nosso_numero>987987987987987</nosso_numero>
                    <valor>166.31</valor>
                    <emolumentos>
                        <emolumento>
                            <tipo>2</tipo>
                            <vigencia>11/04/2022</vigencia>
                            <total>30.4</total>
                        </emolumento>
                    </emolumentos>
                </titulo>
            </titulos>
        </apresentante>
    </apresentantes>
</custas_titulo>